﻿<?xml version="1.0" encoding="utf-8"?>
<metadata>
  <idinfo>
    <citation>
      <citeinfo>
        <origin>K. Sydny Fujita</origin>
        <origin>Zachary H. Ancona</origin>
        <origin>Louisa A. Kramer</origin>
        <origin>Mary Straka</origin>
        <origin>Tandie E. Gautreau</origin>
        <origin>Christopher P. Garrity</origin>
        <origin>Dana Robson</origin>
        <origin>Jay E. Diffendorfer</origin>
        <origin>Ben Hoen</origin>
        <pubdate>2023</pubdate>
        <title>United States Large-Scale Solar Photovoltaic Database (ver. 1.0, November 2023).</title>
        <geoform>Vector Digital Data Set (Shape)</geoform>
        <pubinfo>
          <pubplace>Denver, CO</pubplace>
          <publish>U.S. Geological Survey</publish>
        </pubinfo>
        <onlink>https://doi.org/10.5066/P9IA3TUS</onlink>
        <onlink>https://eerscmap.usgs.gov/uspvdb/</onlink>
        <lworkcit>
          <citeinfo>
            <origin>K. Sydny Fujita</origin>
            <origin>Zachary H. Ancona</origin>
            <origin>Louisa A. Kramer</origin>
            <origin>Jay E. Diffendorfer</origin>
            <origin>Mary Straka</origin>
            <origin>Tandie E. Gautreau</origin>
            <origin>Dana Robson</origin>
            <origin>Ben Hoen</origin>
            <origin>Christopher P. Garrity</origin>
            <pubdate>2023</pubdate>
            <title>Georectified polygon database of ground-mounted large scale solar photovoltaic
              sites in the United States.</title>
            <geoform>JOURNAL</geoform>
            <serinfo>
              <sername>Add journal</sername>
              <issue>Add volume and issue number</issue>
            </serinfo>
            <onlink>https://doi.org/10.1038/s41597-023-02644-8</onlink>
          </citeinfo>
        </lworkcit>
      </citeinfo>
    </citation>
    <descript>
      <abstract>Over 4,400 large scale commercial solar facilities are in operation in the United
        States as of December, 2021, representing over 60 gigawatts of electric power capacity; of
        these, over 3,900 are ground-mounted with capacities of 1MW or more, specified as large
        scale solar photovoltaic (LSPV) facilities. LSPV ground-mounted installations continue to
        grow, with over 400 projects coming online in 2021 alone. Currently, a comprehensive,
        publicly available georectified data describing the locations and spatial footprints of
        these facilities does not exist. Analysts from the US Geological Survey and Lawrence
        Berkeley National Laboratory collaborated to develop and release the United States Large
        Scale Solar Photovoltaic Database (USPVDB). This effort built from the expertise gained
        while developing the regularly updated United States Wind Turbine Database (USWTDB).
        Starting from Energy Information Administration (EIA) data, locations of LSPV facilities
        were visually verified using high-resolution aerial imagery; a polygon was drawn around the
        extent of facility panel arrays, and facility attributes were appended. Quality assurance
        and control were achieved via team peer review, and comparing the USPVDB to other datasets
        of US PV. The data are available in several formats, including an interactive web
        application, comma-separated value spreadsheet (CSV), application programming interface
        (API), and a shapefile. The data are available for use by academic researchers, engineers
        and developers from PV companies, government agencies, planners, educators, and the general
        public.</abstract>
      <purpose>The data release has the purpose of serving the data (that can be released to the
        public) in a way that can be machine readable. All of the data used in the larger work is
        included in tables within the report itself, this 1st version of data also serves the
        purpose of providing the information/data used in shapefile and CSV formats.</purpose>
    </descript>
    <timeperd>
      <timeinfo>
        <sngdate>
          <caldate>2023</caldate>
        </sngdate>
      </timeinfo>
      <current>1984-2021</current>
    </timeperd>
    <status>
      <progress>Complete</progress>
      <update>Yearly</update>
    </status>
    <spdom>
      <bounding>
        <westbc>-164.8096</westbc>
        <eastbc>-68.2561</eastbc>
        <northbc>48.7996</northbc>
        <southbc>9.2528</southbc>
      </bounding>
    </spdom>
    <keywords>
      <theme>
        <themekt>USGS Thesaurus</themekt>
        <themekey>Solar</themekey>
        <themekey>Photovoltaic</themekey>
        <themekey>ground-mounted large scale solar</themekey>
      </theme>
      <place>
        <placekt>GNIS</placekt>
        <placekey>United States</placekey>
      </place>
    </keywords>
    <accconst>none</accconst>
    <useconst>Unless otherwise states, all data, metadata and related materials are considered to
      satisfy the quality standards relative to the purpose for which the data were collected.
      Although these data and associated metadata have been reviews for accuracy and completeness
      and approved for release by the U.S. Geological Survey (USGS), no warranty expressed or
      implied is made regarding the display or utility of the data on any other system or for
      general scientific purposes, nor shall the act of distribution constitute any such warranty.</useconst>
    <ptcontac>
      <cntinfo>
        <cntperp>
          <cntper>Zachary H. Ancona</cntper>
          <cntorg>U.S. Geological Survey</cntorg>
        </cntperp>
        <cntaddr>
          <addrtype>mailing and physical</addrtype>
          <address>PO Box 25046, MS 980</address>
          <city>Denver</city>
          <state>CO</state>
          <postal>80225</postal>
          <country>United States</country>
        </cntaddr>
        <cntvoice>303-236-1886</cntvoice>
        <cntemail>zancona@usgs.gov</cntemail>
      </cntinfo>
    </ptcontac>
  </idinfo>
  <dataqual>
    <attracc>
      <attraccr>LSPV polygons were created and spatially verified in aerial imagery to confirm or
        edit their correct position. The map scale used while verifying and digitizing turbines
        depended on location, need, and imagery availability. Authors used aerial imagery with a
        typical assessment map scale of 1:2,000 to 1:5,000, none of the spatial verification was
        done at a map scale smaller than 1:5,000. Uncertainty may exist as indicated in confidence
        in site location from 1 to 4. Lower value represent a lower confidence. 1— Multiphase
        facility or multiple EIA records with identical location. Single polygon used to represent
        multiple facilities indistinguishable from one another; attributes may not reflect full
        scope of facilities. 2— Multiple polygons created, but EIA records are unclear; attributes
        may not reflect full scope of facilities. 3— Polygon reflects only a part of the facility
        due to poor image quality; area of polygon may not reflect the full size of array(s). 4—
        Facility polygons created with high confidence.</attraccr>
    </attracc>
    <logic>No formal logical accuracy tests were conducted.</logic>
    <complete>Data set is considered complete for the information presented, as described in the
      abstract. Users are advised to read the metadata record carefully for additional details. We
      recognize that there exist some number of US LSPV facilities that are not included in the
      data. However, we do not attempt to append additional sites not in the base EIA 860 data, due
      to our inability to compile the same level of detailed attributes (e.g., capacity, site name,
      operational date, etc.).</complete>
    <posacc>
      <horizpa>
        <horizpar>No formal positional accuracy tests were conducted.</horizpar>
      </horizpa>
      <vertacc>
        <vertaccr>No formal positional accuracy tests were conducted.</vertaccr>
      </vertacc>
    </posacc>
    <lineage>
      <srcinfo>
        <srccite>
          <citeinfo>
            <origin>EIA</origin>
            <pubdate>202209</pubdate>
            <title>Form EIA-860 Data - Schedule 3, 'Solar Technology Data' (Operable Units Only)</title>
            <geoform>Digital and/or Hardcopy Resources</geoform>
            <onlink>https://www.eia.gov/electricity/data/eia860/</onlink>
          </citeinfo>
        </srccite>
        <typesrc>Digital and/or Hardcopy Resources</typesrc>
        <srctime>
          <timeinfo>
            <sngdate>
              <caldate>202209</caldate>
            </sngdate>
          </timeinfo>
          <srccurr>publication date</srccurr>
        </srctime>
        <srccitea>EIA-860</srccitea>
        <srccontr>Source information used in support of the development of the location of solar
          facilities.</srccontr>
      </srcinfo>
      <procstep>
        <procdesc>The USPVDB dataset creation process consisted of 5 primary stages, with iterative
          troubleshooting at several locations: (1) data collection and initial screening, (2)
          georectifying facility locations, (3) digitizing facility arrays, (4) quality checking and
          review, and (5) final formatting of the data. Due to the large number of LSPV facilities
          in the US, six analysts shared the digitizing work, generally each working through one
          state's facilities at a time (and in some cases, splitting a state with a large number of
          facilities into several groups). As part of the initial screening, facilities from the EIA
          data were included if the following criteria were met: (1) generation technology is PV,
          (2) panels are ground-mounted but are not parking canopy arrays, (3) facility capacity
          greater than or equal to 1 MW, (4) facility can be identified in high-resolution imagery.
          We relied on Maxar Technologies (MT) DigitalGlobe satellite imagery to determine the
          extent of solar arrays (https://evwhs.digitalglobe.com/), due to its regularly updated
          imagery and the convenience of using an EnhancedView Web Hosting Service (EV-WHS) account
          and plug-in to use the imagery as a base layer within ArcGIS. DigitalGlobe data vary in
          resolution and frequency of imaging across the U.S. Highly populated areas tend to be
          imaged more frequently than sparsely populated rural areas, such that for some solar
          facilities, we could select the clearest image from a large set of dates when digitizing,
          while with others, we had only a single image to work from. Additionally, there is a
          temporal lag between the date a facility is operational and the most recent images in
          DigitalGlobe, ranging from several months to several years. Because of this delay in
          imaging, more recently constructed solar projects are less likely to be visible in the
          available satellite imagery.

          We recognize that there exist some number of US LSPV facilities that are not included in
          the EIA data. However, we do not here attempt to append additional sites to the EIA data
          due to our inability to compile the same level of detailed attributes (e.g., capacity,
          site name, operational date, etc.).

          In the shapefile, missing fields are denoted as 'missing' for text fields and '-9999' for
          numerical fields. In the CSV, missing values are blank. This is not to be confused with
          values that were actually marked "unknown" in the EIA data.</procdesc>
        <procdate>2022</procdate>
      </procstep>
    </lineage>
  </dataqual>
  <spdoinfo>
    <direct>Vector</direct>
    <ptvctinf>
      <sdtsterm>
        <sdtstype>G-Polygon</sdtstype>
        <ptvctcnt>3699</ptvctcnt>
      </sdtsterm>
    </ptvctinf>
  </spdoinfo>
  <spref>
    <horizsys>
      <planar>
        <mapproj>
          <mapprojn>Albers Conical Equal Area</mapprojn>
          <albers>
            <stdparll>29.5</stdparll>
            <stdparll>45.5</stdparll>
            <longcm>-96.0</longcm>
            <latprjo>37.5</latprjo>
            <feast>0.0</feast>
            <fnorth>0.0</fnorth>
          </albers>
        </mapproj>
        <planci>
          <plance>coordinate pair</plance>
          <coordrep>
            <absres>0.6096</absres>
            <ordres>0.6096</ordres>
          </coordrep>
          <plandu>meters</plandu>
        </planci>
      </planar>
      <geodetic>
        <horizdn>North_American_Datum_1983</horizdn>
        <ellips>GRS_1980</ellips>
        <semiaxis>6378137.0</semiaxis>
        <denflat>298.257222101</denflat>
      </geodetic>
    </horizsys>
  </spref>
  <eainfo>
    <detailed>
      <enttyp>
        <enttypl>Attribute Table</enttypl>
        <enttypd>Table containing attribute information associated with the dataset.</enttypd>
        <enttypds>Producer defined</enttypds>
      </enttyp>
      <attr>
        <attrlabl>FID</attrlabl>
        <attrdef>Internal feature number.</attrdef>
        <attrdefs>ESRI</attrdefs>
        <attrdomv>
          <udom>Sequential unique whole numbers that are automatically generated.</udom>
        </attrdomv>
      </attr>
      <attr>
        <attrlabl>Shape</attrlabl>
        <attrdef>Feature geometry.</attrdef>
        <attrdefs>ESRI</attrdefs>
        <attrdomv>
          <udom>Shape type is Polygon ZM</udom>
        </attrdomv>
      </attr>
      <attr>
        <attrlabl>case_id</attrlabl>
        <attrdef>Unique stable identification number.</attrdef>
        <attrdefs>Producer defined</attrdefs>
        <attrdomv>
          <rdom>
            <rdommin>400003</rdommin>
            <rdommax>404492</rdommax>
          </rdom>
        </attrdomv>
      </attr>
      <attr>
        <attrlabl>multi_poly</attrlabl>
        <attrdef>Indicates the facility's polygon type, single or multi. Single— facility is
          represented by a single polygon. Multi— facility is represented by multipart polygon
          composed of at least two separate polygons, sharing a single record.</attrdef>
        <attrdefs>Producer defined</attrdefs>
        <attrdomv>
          <edom>
            <edomv>multi</edomv>
            <edomvd>Facility is represented by multipart polygon composed of at least two separate
              polygons, sharing a single record.</edomvd>
            <edomvds>Producer defined</edomvds>
          </edom>
        </attrdomv>
        <attrdomv>
          <edom>
            <edomv>single</edomv>
            <edomvd>Facility is represented by a single polygon.</edomvd>
            <edomvds>Producer defined</edomvds>
          </edom>
        </attrdomv>
      </attr>
      <attr>
        <attrlabl>eia_id</attrlabl>
        <attrdef>Unique facility identifier from EIA Form 860 for cross-reference from the EIA Links
          to the EIA plant_code found in the CSV datasets at
          https://www.eia.gov/electricity/data/eia860/.</attrdef>
        <attrdefs>EIA</attrdefs>
        <attrdomv>
          <rdom>
            <rdommin>529</rdommin>
            <rdommax>65323</rdommax>
          </rdom>
        </attrdomv>
      </attr>
      <attr>
        <attrlabl>p_state</attrlabl>
        <attrdef>Postal 2 letter state abbreviation in which a point representation (ylat and xlong)
          of the LSPV facility is located, computed in ArcMap using US Census/US Postal Service.</attrdef>
        <attrdefs>U.S Census https://www.census.gov/geo/maps-data/data/cbf/cbf_state.html</attrdefs>
        <attrdomv>
          <codesetd>
            <codesetn>US Postal 2-Letter State</codesetn>
            <codesets>US Census / US Postal Service
              (http://www.census.gov/tiger/tms/gazetteer/zips.txt)</codesets>
          </codesetd>
        </attrdomv>
      </attr>
      <attr>
        <attrlabl>p_county</attrlabl>
        <attrdef>Name of county in which a point representation of the LSPV facility is located.</attrdef>
        <attrdefs>US Census</attrdefs>
        <attrdomv>
          <udom>Name of county in which a point representation (ylat and xlong) of the LSPV facility
            is located. Computed in ArcMap using U.S Census maps,
            https://www.census.gov/geo/maps-data/data/cbf/cbf_counties.html.</udom>
        </attrdomv>
      </attr>
      <attr>
        <attrlabl>ylat</attrlabl>
        <attrdef>Latitude of a point representation of the LSPV facility's location, in decimal
          degrees, calculated in ArcMap using the calculate geometry tool with North American 1983
          (NAD 83) coordinate system. Representative points are a single point intended to reflect
          the location of facility panels as accurately as possible. For single-array facilities,
          values are calculated in the center of the array. For multi-part polygons, values are
          generated within the array that is closest to the centroid of the multipart polygon.</attrdef>
        <attrdefs>Producer defined</attrdefs>
        <attrdomv>
          <rdom>
            <rdommin>20.7658004761</rdommin>
            <rdommax>47.8695983887</rdommax>
            <attrunit>decimal degrees</attrunit>
          </rdom>
        </attrdomv>
      </attr>
      <attr>
        <attrlabl>xlong</attrlabl>
        <attrdef>Longitude of a point representation of the LSPV facility's location, in decimal
          degrees, calculated in ArcMap using the calculate geometry tool with North American 1983
          (NAD 83) coordinate system. Representative points are a single point intended to reflect
          the location of facility panels as accurately as possible. For single-array facilities,
          values are calculated in the center of the array. For multi-part polygons, values are
          generated within the array that is closest to the centroid of the multipart polygon.</attrdef>
        <attrdefs>Producer defined</attrdefs>
        <attrdomv>
          <rdom>
            <rdommin>-159.761001587</rdommin>
            <rdommax>-68.9882965088</rdommax>
            <attrunit>decimal degrees</attrunit>
          </rdom>
        </attrdomv>
      </attr>
      <attr>
        <attrlabl>p_area</attrlabl>
        <attrdef>Area of the facility array(s) in square meters (sq m), calculated in ArcMap with
          the calculate geometry tool with Albers Equal Area Conic projection. This area only
          includes facility panels and inverters and does not include buildings, facility fence
          lines, nor the full disturbed area.</attrdef>
        <attrdefs>Producer defined</attrdefs>
        <attrdomv>
          <rdom>
            <rdommin>1561</rdommin>
            <rdommax>15233635</rdommax>
            <attrunit>square meters (sq m)</attrunit>
          </rdom>
        </attrdomv>
      </attr>
      <attr>
        <attrlabl>p_img_date</attrlabl>
        <attrdef>Acquisition date of the aerial image used to confirm the facility location and
          geometry in yyyymmdd format, from aerial image vendor (Maxar) metadata.</attrdef>
        <attrdefs>MAXAR Global EDG https://www.maxar.com/</attrdefs>
        <attrdomv>
          <rdom>
            <rdommin>20090417</rdommin>
            <rdommax>20221202</rdommax>
          </rdom>
        </attrdomv>
      </attr>
      <attr>
        <attrlabl>p_dig_conf</attrlabl>
        <attrdef>Level of confidence in the facility's attributes, from low to high. Higher values
          represent a higher confidence.</attrdef>
        <attrdefs>Producer defined</attrdefs>
        <attrdomv>
          <edom>
            <edomv>1</edomv>
            <edomvd>Value 1 - multiphase facility or multiple EIA records with identical location.
              Single polygon used to represent multiple facilities indistinguishable from one
              another; attributes may not accurately describe the actual installed facilities.</edomvd>
            <edomvds>Producer defined</edomvds>
          </edom>
        </attrdomv>
        <attrdomv>
          <edom>
            <edomv>2</edomv>
            <edomvd>Value 2 - multiple polygons created, but EIA records are unclear; attributes may
              not accurately describe the actual installed facilities.</edomvd>
            <edomvds>Producer defined</edomvds>
          </edom>
        </attrdomv>
        <attrdomv>
          <edom>
            <edomv>3</edomv>
            <edomvd>Value 3 - polygon reflects only a part of the facility due to poor image
              quality; area of polygon may not accurately describe the actual installed facilities.</edomvd>
            <edomvds>Producer defined</edomvds>
          </edom>
        </attrdomv>
        <attrdomv>
          <edom>
            <edomv>4</edomv>
            <edomvd>Value 4 - facility polygons created with high confidence.</edomvd>
            <edomvds>Producer defined</edomvds>
          </edom>
        </attrdomv>
      </attr>
      <attr>
        <attrlabl>p_name</attrlabl>
        <attrdef>Facility name from EIA Form 860. Names may be slightly adjusted for format
          consistency.</attrdef>
        <attrdefs>EIA</attrdefs>
        <attrdomv>
          <udom>Facility name from EIA Form 860.</udom>
        </attrdomv>
      </attr>
      <attr>
        <attrlabl>p_year</attrlabl>
        <attrdef>Year the facility began operating from EIA form 860.</attrdef>
        <attrdefs>EIA</attrdefs>
        <attrdomv>
          <rdom>
            <rdommin>1986</rdommin>
            <rdommax>2021</rdommax>
          </rdom>
        </attrdomv>
      </attr>
      <attr>
        <attrlabl>p_pwr_reg</attrlabl>
        <attrdef>Common abbreviation of regional power authority name (e.g., MISO) from EIA Form
          860;some records for Hawaii are missing as they were not included in EIA data.</attrdef>
        <attrdefs>EIA</attrdefs>
        <attrdomv>
          <udom>Common abbreviation of regional power authority name (e.g., MISO) from EIA Form 860.</udom>
        </attrdomv>
      </attr>
      <attr>
        <attrlabl>p_tech_pri</attrlabl>
        <attrdef>Electric generation technology type (e.g., PV ) from EIA Form 860</attrdef>
        <attrdefs>EIA</attrdefs>
        <attrdomv>
          <edom>
            <edomv>PV</edomv>
            <edomvd>Photovoltaic. Photovoltaics (PV) convert light into electricity using
              semiconducting materials. Only one p_tech_pri type is in this data at this time.</edomvd>
            <edomvds>EIA</edomvds>
          </edom>
        </attrdomv>
      </attr>
      <attr>
        <attrlabl>p_tech_sec</attrlabl>
        <attrdef>Additional detail on panel type (e.g., thin film, c-Si) from EIA Form 860.</attrdef>
        <attrdefs>EIA</attrdefs>
        <attrdomv>
          <edom>
            <edomv>c-si</edomv>
            <edomvd>Crystalline silicon or (c-Si) is the crystalline forms of silicon, either
              polycrystalline silicon (poly-Si, consisting of small crystals), or monocrystalline
              silicon (mono-Si, a continuous crystal). Crystalline silicon is the dominant
              semiconducting material used in photovoltaic technology for the production of solar
              cells.</edomvd>
            <edomvds>EIA</edomvds>
          </edom>
        </attrdomv>
        <attrdomv>
          <edom>
            <edomv>thin-film</edomv>
            <edomvd>Thin-film solar cells (TFSC) are manufactured using a single or multiple layers
              of PV elements over a surface comprised of a variety of glass, plastic, or metal.</edomvd>
            <edomvds>EIA</edomvds>
          </edom>
        </attrdomv>
        <attrdomv>
          <edom>
            <edomv>cpv</edomv>
            <edomvd>Concentrator photovoltaics (CPV) (also known as concentration photovoltaics) is
              a photovoltaic technology that generates electricity from sunlight. Unlike
              conventional photovoltaic systems, it uses lenses or curved mirrors to focus sunlight
              onto small, highly efficient, multi-junction (MJ) solar cells.</edomvd>
            <edomvds>EIA</edomvds>
          </edom>
        </attrdomv>
        <attrdomv>
          <edom>
            <edomv>c-si,thin-film,cpv</edomv>
            <edomvd>Crystalline silicon, thin-film, concentrator photovoltaics.</edomvd>
            <edomvds>EIA</edomvds>
          </edom>
        </attrdomv>
        <attrdomv>
          <edom>
            <edomv>c-si,thin-film</edomv>
            <edomvd>Crystalline silicon, thin-film.</edomvd>
            <edomvds>EIA</edomvds>
          </edom>
        </attrdomv>
        <attrdomv>
          <edom>
            <edomv>c-si,cpv</edomv>
            <edomvd>c-si,cpv</edomvd>
            <edomvds>EIA</edomvds>
          </edom>
        </attrdomv>
        <attrdomv>
          <edom>
            <edomv>unknown</edomv>
            <edomvd>No values reported to the EIA. EIA says unknown.</edomvd>
            <edomvds>EIA</edomvds>
          </edom>
        </attrdomv>
      </attr>
      <attr>
        <attrlabl>p_axis</attrlabl>
        <attrdef>Array axis type (e.g., single-axis) from EIA Form 860.</attrdef>
        <attrdefs>EIA</attrdefs>
        <attrdomv>
          <edom>
            <edomv>single-axis</edomv>
            <edomvd>Single-axis solar tracker is a unidirectional system that can move only on one
              axis of movement, which typically allows for it to move East to West.</edomvd>
            <edomvds>EIA</edomvds>
          </edom>
        </attrdomv>
        <attrdomv>
          <edom>
            <edomv>fixed-tilt</edomv>
            <edomvd>A fixed-tilt array is a type of solar panel installation in which the solar
              panels are mounted at a fixed angle and orientation, typically facing south to
              maximize sunlight exposure.</edomvd>
            <edomvds>EIA</edomvds>
          </edom>
        </attrdomv>
        <attrdomv>
          <edom>
            <edomv>dual-axis</edomv>
            <edomvd>Dual-axis solar panels allow multi directional tracking so the solar panels
              maintain an optimal 90° angle to the sun at all times. </edomvd>
            <edomvds>EIA</edomvds>
          </edom>
        </attrdomv>
        <attrdomv>
          <edom>
            <edomv>fixed-tilt, single-axis</edomv>
            <edomvd>A faciltiy that contains both fixed-tilt and single-axis panels. </edomvd>
            <edomvds>EIA</edomvds>
          </edom>
        </attrdomv>
        <attrdomv>
          <edom>
            <edomv>fixed-tilt, single-axis, dual-axis</edomv>
            <edomvd>A faciltiy that contains fixed-tilt, single-axis and dual-axis panels. </edomvd>
            <edomvds>EIA</edomvds>
          </edom>
        </attrdomv>
        <attrdomv>
          <edom>
            <edomv>missing</edomv>
            <edomvd>No values provided by the EIA, was blank. Missing in shapefile and blank in csv.</edomvd>
            <edomvds>User Defined</edomvds>
          </edom>
        </attrdomv>
      </attr>
      <attr>
        <attrlabl>p_azimuth</attrlabl>
        <attrdef>Array azimuth (i.e., east-west orientation in degrees) from EIA Form 860.</attrdef>
        <attrdefs>EIA</attrdefs>
        <attrdomv>
          <rdom>
            <rdommin>25</rdommin>
            <rdommax>250</rdommax>
            <attrunit>degrees</attrunit>
          </rdom>
        </attrdomv>
      </attr>
      <attr>
        <attrlabl>p_tilt</attrlabl>
        <attrdef>Tilt angle of panels (i.e., angle of panels from horizontal in degrees) from EIA
          Form 860.</attrdef>
        <attrdefs>EIA</attrdefs>
        <attrdomv>
          <edom>
            <edomv>-9999</edomv>
            <edomvd>No values provided by the EIA. -9999 in shapefile and blank in csv.</edomvd>
            <edomvds>User Defined</edomvds>
          </edom>
        </attrdomv>
        <attrdomv>
          <rdom>
            <rdommin>0</rdommin>
            <rdommax>83</rdommax>
            <attrunit>degrees</attrunit>
          </rdom>
        </attrdomv>
      </attr>
      <attr>
        <attrlabl>p_battery</attrlabl>
        <attrdef>Indicator of the presence of battery storage at the facility from EIA Form 860.</attrdef>
        <attrdefs>EIA</attrdefs>
        <attrdomv>
          <edom>
            <edomv>batteries</edomv>
            <edomvd>Battery energy storage.</edomvd>
            <edomvds>EIA</edomvds>
          </edom>
        </attrdomv>
        <attrdomv>
          <edom>
            <edomv>solar thermal with energy storage</edomv>
            <edomvd>Solar thermal energy storage refers to a variety of technologies that store heat
              for later use. The heat can be used to generate electricity or directly for industrial
              purposes.</edomvd>
            <edomvds>EIA</edomvds>
          </edom>
        </attrdomv>
        <attrdomv>
          <edom>
            <edomv>missing</edomv>
            <edomvd>No values provided by the EIA, was blank. Missing in shapefile and blank in CSV.</edomvd>
            <edomvds>EIA</edomvds>
          </edom>
        </attrdomv>
      </attr>
      <attr>
        <attrlabl>p_cap_ac</attrlabl>
        <attrdef>Facility capacity in megawatts AC (Alternating Current) from EIA Form 860.</attrdef>
        <attrdefs>EIA</attrdefs>
        <attrdomv>
          <rdom>
            <rdommin>0.3</rdommin>
            <rdommax>585.9</rdommax>
            <attrunit>megawatts</attrunit>
          </rdom>
        </attrdomv>
      </attr>
      <attr>
        <attrlabl>p_cap_dc</attrlabl>
        <attrdef>Facility capacity in megawatts DC (Direct Current) from EIA Form 860.</attrdef>
        <attrdefs>EIA</attrdefs>
        <attrdomv>
          <rdom>
            <rdommin>0.9</rdommin>
            <rdommax>752.1</rdommax>
            <attrunit>megawatts</attrunit>
          </rdom>
        </attrdomv>
      </attr>
      <attr>
        <attrlabl>p_type</attrlabl>
        <attrdef>General categorization of facility mostly from the EPA's RE-Powering Matrix
          ("Matrix dataset").</attrdef>
        <attrdefs>Producer defined</attrdefs>
        <attrdomv>
          <edom>
            <edomv>greenfield</edomv>
            <edomvd>Greenfield facilities encompass the remainder of LSPV facilities that do not
              fall into one of the other named categories. Greenfield sites represent the majority
              of LSPV facilities and occupy land that may have previously been wildland, urbanized,
              cultivated, or reclaimed. Populated from EPA's Repowering Matrix
              (https://www.epa.gov/re-powering/re-powering-tracking-matrix) and producer adjusted as
              described.</edomvd>
            <edomvds>Producer defined</edomvds>
          </edom>
        </attrdomv>
        <attrdomv>
          <edom>
            <edomv>PCSC</edomv>
            <edomvd>PCSC (Previous, Current, or Suspected Contamination). When no specific
              designation is provided in the Matrix dataset, "brownfield" sites were assigned to a
              generalized PCSC facility type. </edomvd>
            <edomvds>Producer defined</edomvds>
          </edom>
        </attrdomv>
        <attrdomv>
          <edom>
            <edomv>landfill</edomv>
            <edomvd>These sites have been designated as landfills in EPA's RE-Powering Matrix. Taken
              directly from the Matrix dataset.</edomvd>
            <edomvds>EPA matrix defined</edomvds>
          </edom>
        </attrdomv>
        <attrdomv>
          <edom>
            <edomv>RCRA</edomv>
            <edomvd>RCRA (Resource Conservation and Recovery Act) - sites are a specific category of
              commercial, industrial and federal facilities that treat, store or dispose of
              hazardous wastes and that require cleanup under the RCRA Hazardous Waste Corrective
              Action Program. Taken directly from the Matrix dataset.</edomvd>
            <edomvds>EPA matrix defined</edomvds>
          </edom>
        </attrdomv>
        <attrdomv>
          <edom>
            <edomv>superfund</edomv>
            <edomvd>Superfund sites are inactive or abandoned contaminated facilities or locations
              where there is an active release or threatened release into the environment of
              hazardous substances that have been dumped, discharged, emitted or otherwise
              improperly managed. These sites may include manufacturing and industrial facilities,
              processing plants, landfills and mining sites, among others. Taken directly from the
              Matrix dataset.</edomvd>
            <edomvds>EPA matrix defined</edomvds>
          </edom>
        </attrdomv>
        <attrdomv>
          <edom>
            <edomv>AML</edomv>
            <edomvd>AML (Abandoned Mine Land) include abandoned hardrock mines and mineral
              processing sites listed in the Superfund Enterprise Management System (SEMS) at this
              time. Taken directly from the Matrix dataset.</edomvd>
            <edomvds>EPA matrix defined</edomvds>
          </edom>
        </attrdomv>
        <attrdomv>
          <edom>
            <edomv>landfill named</edomv>
            <edomvd>Assigned in cases where EPA did not identify the site as a landfill, but the
              facility name includes the word "landfill." It is possible that these sites have been
              sufficiently cleaned or were never contaminated to the point of meeting the PCSC
              designation; thus, they are distinguished from EPA designated landfill sites.</edomvd>
            <edomvds>Producer defined</edomvds>
          </edom>
        </attrdomv>
      </attr>
      <attr>
        <attrlabl>p_agrivolt</attrlabl>
        <attrdef>Agrivoltaic facilities make use of the land between panel rows and surrounding
          arrays for agricultural uses (i.e., crop production or grazing) and/or ecosystem services
          (e.g., pollinator habitat). Agrivoltaic sites are categorized into the following
          designations: crop, crop,es, es, grazing, grazing,es, non-agrivoltaic. See
          https://openei.org/wiki/InSPIRE/Agrivoltaics_Map.</attrdef>
        <attrdefs>OpenEI through the InSPIRE dataset</attrdefs>
        <attrdomv>
          <edom>
            <edomv>es</edomv>
            <edomvd>Ecosystem services (e.g., pollinator habitat).</edomvd>
            <edomvds>OpenEI through the InSPIRE dataset</edomvds>
          </edom>
        </attrdomv>
        <attrdomv>
          <edom>
            <edomv>grazing,es</edomv>
            <edomvd>Grazing ecosystem services (e.g., pollinator habitat).</edomvd>
            <edomvds>OpenEI through the InSPIRE dataset</edomvds>
          </edom>
        </attrdomv>
        <attrdomv>
          <edom>
            <edomv>crop,es</edomv>
            <edomvd>Crop ecosystem services (e.g., pollinator habitat).</edomvd>
            <edomvds>OpenEI through the InSPIRE dataset</edomvds>
          </edom>
        </attrdomv>
        <attrdomv>
          <edom>
            <edomv>grazing</edomv>
            <edomvd>Grazing</edomvd>
            <edomvds>OpenEI through the InSPIRE dataset</edomvds>
          </edom>
        </attrdomv>
        <attrdomv>
          <edom>
            <edomv>crop</edomv>
            <edomvd>Crop</edomvd>
            <edomvds>OpenEI defined</edomvds>
          </edom>
        </attrdomv>
        <attrdomv>
          <edom>
            <edomv>non-agrivoltaic</edomv>
            <edomvd>Non-agrivoltaic</edomvd>
            <edomvds>OpenEI through the InSPIRE dataset</edomvds>
          </edom>
        </attrdomv>
      </attr>
      <attr>
        <attrlabl>p_zscore</attrlabl>
        <attrdef>The z-score of the ratio of facility capacity (in DC) and facility area
          (p_cap_dc/p_area). A z-score measures how far a record is from the mean of all records in
          the field in units of standard deviations. Records with high or low Z-scores may have an
          error in either p_cap_dc or p_area.</attrdef>
        <attrdefs>Producer Defined</attrdefs>
        <attrdomv>
          <rdom>
            <rdommin>-1.58467</rdommin>
            <rdommax>24.0923</rdommax>
          </rdom>
        </attrdomv>
      </attr>
    </detailed>
    <overview>
      <eaover>Zipped File USGS_LBNL_PV_V1.zip Contains:
        USPVDB_v1_20230928.shp
        USPVDB_v1_20230928.csv
        Data_Dictionary_USPVDB_v1.csv
        The data dictionary is provided in a table format with the field name, type, values (when
        applicable) and units in a single spot for reference.</eaover>
      <eadetcit>The suggested citation for use in academic papers and otherwise where applicable is
        as follows:
        Fujita, K.S., Ancona, Z.H., Kramer, L.A., Diffendorfer, J.E., Straka, M., Gautreau, T.E.,
        Robson, D., Hoen, B. and Garrity, C.P., 2023, United States Large-Scale Solar Photovoltaic
        Database v1.0 (XXXX, 2023): U.S. Geological Survey and Lawrence Berkeley National Laboratory
        data release, https://doi.org/10.5066/P9IA3TUS.</eadetcit>
    </overview>
  </eainfo>
  <distinfo>
    <distrib>
      <cntinfo>
        <cntorgp>
          <cntorg>U.S. Geological Survey - Science Base</cntorg>
        </cntorgp>
        <cntaddr>
          <addrtype>mailing and physical</addrtype>
          <address>Denver Federal Center, Building 810, Mail Stop 302</address>
          <city>Denver</city>
          <state>CO</state>
          <postal>80225-0046</postal>
          <country>USA</country>
        </cntaddr>
        <cntvoice>1-888-275-8747</cntvoice>
        <cntemail>sciencebase@usgs.gov</cntemail>
      </cntinfo>
    </distrib>
    <distliab>Any use of trade, product or firm names is for descriptive purposes only and does not
      imply endorsement by the U.S. Geological Survey. Although this information product, for the
      most part, is in the public domain, it also contains copyrighted materials as noted in the
      text. Permission to reproduce copyrighted items for other than personal use must be secured
      from the copyright owner.

      This database has been approved for release and publication by the Director of the USGS.
      Although this database has been subjected to rigorous review and is substantially complete,the
      USGS reserves the right to revise the data pursuant to further analysis and review.
      Furthermore, it is released on condition that neither the USGS nor the United States
      Government may be held liable for any damages resulting from its authorized or unauthorized
      use.

      Although these data have been processed successfully on a computer system at the U.S.
      Geological Survey, no warranty expressed or implied is made regarding the display or utility
      of the data on any other system, or for general or scientific purposes, nor shall the act of
      distribution constitute any such warranty. The U.S. Geological Survey shall not be held liable
      for improper or incorrect use of the data described and/or contained herein.</distliab>
    <stdorder>
      <digform>
        <digtinfo>
          <formname>SHP CSV</formname>
        </digtinfo>
        <digtopt>
          <onlinopt>
            <computer>
              <networka>
                <networkr>https://doi.org/10.5066/P9IA3TUS</networkr>
              </networka>
            </computer>
          </onlinopt>
        </digtopt>
      </digform>
      <fees>None</fees>
    </stdorder>
  </distinfo>
  <metainfo>
    <metd>20231012</metd>
    <metc>
      <cntinfo>
        <cntperp>
          <cntper>Zachary H Ancona</cntper>
          <cntorg>U.S. Geological Survey</cntorg>
        </cntperp>
        <cntaddr>
          <addrtype>mailing and physical</addrtype>
          <address>MS-980</address>
          <city>Denver</city>
          <state>CO</state>
          <postal>80225-0046</postal>
          <country>United States</country>
        </cntaddr>
        <cntvoice>303-236-1886</cntvoice>
        <cntemail>zancona@usgs.gov</cntemail>
      </cntinfo>
    </metc>
    <metstdn>Content Standard for Digital Geospatial Metadata</metstdn>
    <metstdv>FGDC-STD-001-1998</metstdv>
  </metainfo>
</metadata>